days,date,n_sick,calls,n_duty,n_sby,sby_need,dafted,date_train
1,2016-04-01,73,8154,1700,90,4,0,736055
2,2016-04-02,64,8526,1700,90,70,0,736056
3,2016-04-03,68,8088,1700,90,0,0,736057
4,2016-04-04,71,7044,1700,90,0,0,736058
5,2016-04-05,63,7236,1700,90,0,0,736059
6,2016-04-06,70,6492,1700,90,0,0,736060
7,2016-04-07,64,6204,1700,90,0,0,736061
8,2016-04-08,62,7614,1700,90,0,0,736062
9,2016-04-09,51,5706,1700,90,0,0,736063
10,2016-04-10,54,6606,1700,90,0,0,736064
11,2016-04-11,50,6822,1700,90,0,0,736065
12,2016-04-12,49,6060,1700,90,0,0,736066
13,2016-04-13,53,5964,1700,90,0,0,736067
14,2016-04-14,52,5928,1700,90,0,0,736068
15,2016-04-15,63,7608,1700,90,0,0,736069
16,2016-04-16,55,6768,1700,90,0,0,736070
17,2016-04-17,51,7242,1700,90,0,0,736071
18,2016-04-18,59,6768,1700,90,0,0,736072
19,2016-04-19,57,8676,1700,90,93,3,736073
20,2016-04-20,53,6270,1700,90,0,0,736074
21,2016-04-21,63,7818,1700,90,0,0,736075
22,2016-04-22,68,5712,1700,90,0,0,736076
23,2016-04-23,62,5166,1700,90,0,0,736077
24,2016-04-24,71,4884,1700,90,0,0,736078
25,2016-04-25,72,5880,1700,90,0,0,736079
26,2016-04-26,65,6576,1700,90,0,0,736080
27,2016-04-27,62,7620,1700,90,0,0,736081
28,2016-04-28,66,6870,1700,90,0,0,736082
29,2016-04-29,64,7554,1700,90,0,0,736083
30,2016-04-30,65,5424,1700,90,0,0,736084
31,2016-05-01,54,8400,1700,90,34,0,736085
32,2016-05-02,63,7782,1700,90,0,0,736086
33,2016-05-03,61,7716,1700,90,0,0,736087
34,2016-05-04,58,8340,1700,90,26,0,736088
35,2016-05-05,57,8064,1700,90,0,0,736089
36,2016-05-06,59,7404,1700,90,0,0,736090
37,2016-05-07,57,8868,1700,90,131,41,736091
38,2016-05-08,61,6504,1700,90,0,0,736092
39,2016-05-09,65,7788,1700,90,0,0,736093
40,2016-05-10,68,6978,1700,90,0,0,736094
41,2016-05-11,61,7512,1700,90,0,0,736095
42,2016-05-12,55,7434,1700,90,0,0,736096
43,2016-05-13,56,8370,1700,90,30,0,736097
44,2016-05-14,50,8136,1700,90,0,0,736098
45,2016-05-15,57,7674,1700,90,0,0,736099
46,2016-05-16,52,9048,1700,90,162,72,736100
47,2016-05-17,53,8550,1700,90,63,0,736101
48,2016-05-18,52,8184,1700,90,0,0,736102
49,2016-05-19,51,8352,1700,90,22,0,736103
50,2016-05-20,57,5790,1700,90,0,0,736104
51,2016-05-21,56,8382,1700,90,33,0,736105
52,2016-05-22,58,6516,1700,90,0,0,736106
53,2016-05-23,57,7824,1700,90,0,0,736107
54,2016-05-24,55,6312,1700,90,0,0,736108
55,2016-05-25,49,8196,1700,90,0,0,736109
56,2016-05-26,46,8124,1700,90,0,0,736110
57,2016-05-27,50,6084,1700,90,0,0,736111
58,2016-05-28,50,6174,1700,90,0,0,736112
59,2016-05-29,52,6984,1700,90,0,0,736113
60,2016-05-30,59,8670,1700,90,93,3,736114
61,2016-05-31,59,8004,1700,90,0,0,736115
62,2016-06-01,64,7656,1700,90,0,0,736116
63,2016-06-02,63,8298,1700,90,23,0,736117
64,2016-06-03,69,8922,1700,90,154,64,736118
65,2016-06-04,67,9426,1700,90,253,163,736119
66,2016-06-05,61,8514,1700,90,64,0,736120
67,2016-06-06,62,9426,1700,90,248,158,736121
68,2016-06-07,53,9414,1700,90,236,146,736122
69,2016-06-08,50,7260,1700,90,0,0,736123
70,2016-06-09,48,6762,1700,90,0,0,736124
71,2016-06-10,53,7230,1700,90,0,0,736125
72,2016-06-11,51,7710,1700,90,0,0,736126
73,2016-06-12,59,6462,1700,90,0,0,736127
74,2016-06-13,66,8790,1700,90,124,34,736128
75,2016-06-14,58,8160,1700,90,0,0,736129
76,2016-06-15,53,8538,1700,90,61,0,736130
77,2016-06-16,55,8094,1700,90,0,0,736131
78,2016-06-17,54,6918,1700,90,0,0,736132
79,2016-06-18,54,6894,1700,90,0,0,736133
80,2016-06-19,56,6840,1700,90,0,0,736134
81,2016-06-20,57,8562,1700,90,70,0,736135
82,2016-06-21,60,8754,1700,90,111,21,736136
83,2016-06-22,61,8058,1700,90,0,0,736137
84,2016-06-23,60,8316,1700,90,24,0,736138
85,2016-06-24,53,5916,1700,90,0,0,736139
86,2016-06-25,45,7272,1700,90,0,0,736140
87,2016-06-26,48,7794,1700,90,0,0,736141
88,2016-06-27,50,8964,1700,90,143,53,736142
89,2016-06-28,44,7788,1700,90,0,0,736143
90,2016-06-29,44,6600,1700,90,0,0,736144
91,2016-06-30,48,6708,1700,90,0,0,736145
92,2016-07-01,41,8742,1700,90,90,0,736146
93,2016-07-02,40,7116,1700,90,0,0,736147
94,2016-07-03,46,8376,1700,90,22,0,736148
95,2016-07-04,50,8526,1700,90,56,0,736149
96,2016-07-05,47,8550,1700,90,57,0,736150
97,2016-07-06,51,9702,1700,90,292,202,736151
98,2016-07-07,60,8442,1700,90,49,0,736152
99,2016-07-08,64,9024,1700,90,169,79,736153
100,2016-07-09,69,8532,1700,90,76,0,736154
101,2016-07-10,70,7374,1700,90,0,0,736155
102,2016-07-11,70,9492,1700,90,269,179,736156
103,2016-07-12,52,8130,1700,90,0,0,736157
104,2016-07-13,48,9012,1700,90,151,61,736158
105,2016-07-14,48,9228,1700,90,194,104,736159
106,2016-07-15,54,7626,1700,90,0,0,736160
107,2016-07-16,58,6234,1700,90,0,0,736161
108,2016-07-17,63,5592,1700,90,0,0,736162
109,2016-07-18,67,7452,1700,90,0,0,736163
110,2016-07-19,62,6744,1700,90,0,0,736164
111,2016-07-20,69,6870,1700,90,0,0,736165
112,2016-07-21,73,6924,1700,90,0,0,736166
113,2016-07-22,67,8844,1700,90,136,46,736167
114,2016-07-23,63,6450,1700,90,0,0,736168
115,2016-07-24,60,5892,1700,90,0,0,736169
116,2016-07-25,62,7368,1700,90,0,0,736170
117,2016-07-26,53,7488,1700,90,0,0,736171
118,2016-07-27,49,6684,1700,90,0,0,736172
119,2016-07-28,51,7062,1700,90,0,0,736173
120,2016-07-29,50,6978,1700,90,0,0,736174
121,2016-07-30,49,6480,1700,90,0,0,736175
122,2016-07-31,51,6210,1700,90,0,0,736176
123,2016-08-01,53,10536,1700,90,461,371,736177
124,2016-08-02,51,10392,1700,90,430,340,736178
125,2016-08-03,49,9516,1700,90,253,163,736179
126,2016-08-04,52,9840,1700,90,320,230,736180
127,2016-08-05,49,9258,1700,90,201,111,736181
128,2016-08-06,44,9006,1700,90,146,56,736182
129,2016-08-07,46,5904,1700,90,0,0,736183
130,2016-08-08,40,7428,1700,90,0,0,736184
131,2016-08-09,37,6840,1700,90,0,0,736185
132,2016-08-10,38,7506,1700,90,0,0,736186
133,2016-08-11,45,8526,1700,90,51,0,736187
134,2016-08-12,43,8256,1700,90,0,0,736188
135,2016-08-13,38,6762,1700,90,0,0,736189
136,2016-08-14,38,5778,1700,90,0,0,736190
137,2016-08-15,42,7404,1700,90,0,0,736191
138,2016-08-16,44,7134,1700,90,0,0,736192
139,2016-08-17,47,6540,1700,90,0,0,736193
140,2016-08-18,46,8670,1700,90,80,0,736194
141,2016-08-19,45,8028,1700,90,0,0,736195
142,2016-08-20,36,6318,1700,90,0,0,736196
143,2016-08-21,44,8214,1700,90,0,0,736197
144,2016-08-22,49,6654,1700,90,0,0,736198
145,2016-08-23,48,8082,1700,90,0,0,736199
146,2016-08-24,49,8430,1700,90,35,0,736200
147,2016-08-25,52,7140,1700,90,0,0,736201
148,2016-08-26,55,8082,1700,90,0,0,736202
149,2016-08-27,48,7626,1700,90,0,0,736203
150,2016-08-28,49,6990,1700,90,0,0,736204
151,2016-08-29,60,6840,1700,90,0,0,736205
152,2016-08-30,59,8592,1700,90,78,0,736206
153,2016-08-31,54,8886,1700,90,132,42,736207
154,2016-09-01,52,9318,1700,90,216,126,736208
155,2016-09-02,61,9366,1700,90,235,145,736209
156,2016-09-03,55,7380,1700,90,0,0,736210
157,2016-09-04,69,7536,1700,90,0,0,736211
158,2016-09-05,73,7548,1700,90,0,0,736212
159,2016-09-06,67,7560,1700,90,0,0,736213
160,2016-09-07,64,8568,1700,90,78,0,736214
161,2016-09-08,67,8748,1700,90,117,27,736215
162,2016-09-09,62,6582,1700,90,0,0,736216
163,2016-09-10,59,7374,1700,90,0,0,736217
164,2016-09-11,68,8202,1700,90,9,0,736218
165,2016-09-12,72,6564,1700,90,0,0,736219
166,2016-09-13,65,7230,1700,90,0,0,736220
167,2016-09-14,68,8514,1700,90,71,0,736221
168,2016-09-15,75,8280,1700,90,31,0,736222
169,2016-09-16,71,7824,1700,90,0,0,736223
170,2016-09-17,74,6660,1700,90,0,0,736224
171,2016-09-18,81,6126,1700,90,0,0,736225
172,2016-09-19,75,7926,1700,90,0,0,736226
173,2016-09-20,72,7362,1700,90,0,0,736227
174,2016-09-21,80,8532,1700,90,87,0,736228
175,2016-09-22,77,8286,1700,90,35,0,736229
176,2016-09-23,76,5808,1700,90,0,0,736230
177,2016-09-24,71,7842,1700,90,0,0,736231
178,2016-09-25,79,5328,1700,90,0,0,736232
179,2016-09-26,80,8550,1700,90,90,0,736233
180,2016-09-27,90,7638,1700,90,0,0,736234
181,2016-09-28,89,6924,1700,90,0,0,736235
182,2016-09-29,89,8172,1700,90,24,0,736236
183,2016-09-30,91,8520,1700,90,95,5,736237
184,2016-10-01,72,6492,1700,90,0,0,736238
185,2016-10-02,77,7872,1700,90,0,0,736239
186,2016-10-03,83,8004,1700,90,0,0,736240
187,2016-10-04,85,7398,1700,90,0,0,736241
188,2016-10-05,83,8136,1700,90,11,0,736242
189,2016-10-06,77,7020,1700,90,0,0,736243
190,2016-10-07,84,6072,1700,90,0,0,736244
191,2016-10-08,77,7176,1700,90,0,0,736245
192,2016-10-09,81,7842,1700,90,0,0,736246
193,2016-10-10,91,7818,1700,90,0,0,736247
194,2016-10-11,80,7908,1700,90,0,0,736248
195,2016-10-12,81,6396,1700,90,0,0,736249
196,2016-10-13,84,6930,1700,90,0,0,736250
197,2016-10-14,90,7728,1700,90,0,0,736251
198,2016-10-15,86,6954,1700,90,0,0,736252
199,2016-10-16,86,7614,1700,90,0,0,736253
200,2016-10-17,90,6666,1700,90,0,0,736254
201,2016-10-18,78,7200,1700,90,0,0,736255
202,2016-10-19,75,8094,1700,90,0,0,736256
203,2016-10-20,73,7440,1700,90,0,0,736257
204,2016-10-21,77,6234,1700,90,0,0,736258
205,2016-10-22,75,6660,1700,90,0,0,736259
206,2016-10-23,70,5004,1700,90,0,0,736260
207,2016-10-24,73,8544,1700,90,82,0,736261
208,2016-10-25,59,6204,1700,90,0,0,736262
209,2016-10-26,57,6108,1700,90,0,0,736263
210,2016-10-27,60,6366,1700,90,0,0,736264
211,2016-10-28,61,5430,1700,90,0,0,736265
212,2016-10-29,50,7980,1700,90,0,0,736266
213,2016-10-30,59,5730,1700,90,0,0,736267
214,2016-10-31,71,5874,1700,90,0,0,736268
215,2016-11-01,65,9600,1700,90,285,195,736269
216,2016-11-02,66,6576,1700,90,0,0,736270
217,2016-11-03,62,8352,1700,90,33,0,736271
218,2016-11-04,62,6984,1700,90,0,0,736272
219,2016-11-05,47,5562,1700,90,0,0,736273
220,2016-11-06,48,6366,1700,90,0,0,736274
221,2016-11-07,57,7098,1700,90,0,0,736275
222,2016-11-08,57,6552,1700,90,0,0,736276
223,2016-11-09,55,6966,1700,90,0,0,736277
224,2016-11-10,55,5730,1700,90,0,0,736278
225,2016-11-11,57,7110,1700,90,0,0,736279
226,2016-11-12,44,7140,1700,90,0,0,736280
227,2016-11-13,48,6072,1700,90,0,0,736281
228,2016-11-14,58,7710,1700,90,0,0,736282
229,2016-11-15,64,8190,1700,90,2,0,736283
230,2016-11-16,61,5598,1700,90,0,0,736284
231,2016-11-17,62,6684,1700,90,0,0,736285
232,2016-11-18,64,6276,1700,90,0,0,736286
233,2016-11-19,59,5820,1700,90,0,0,736287
234,2016-11-20,72,5160,1700,90,0,0,736288
235,2016-11-21,70,7998,1700,90,0,0,736289
236,2016-11-22,67,6852,1700,90,0,0,736290
237,2016-11-23,73,8256,1700,90,25,0,736291
238,2016-11-24,78,7494,1700,90,0,0,736292
239,2016-11-25,76,7722,1700,90,0,0,736293
240,2016-11-26,67,6438,1700,90,0,0,736294
241,2016-11-27,65,5526,1700,90,0,0,736295
242,2016-11-28,62,6558,1700,90,0,0,736296
243,2016-11-29,55,6624,1700,90,0,0,736297
244,2016-11-30,49,6384,1700,90,0,0,736298
245,2016-12-01,43,6450,1700,90,0,0,736299
246,2016-12-02,46,8436,1700,90,34,0,736300
247,2016-12-03,45,5748,1700,90,0,0,736301
248,2016-12-04,51,5532,1700,90,0,0,736302
249,2016-12-05,50,7674,1700,90,0,0,736303
250,2016-12-06,47,7422,1700,90,0,0,736304
251,2016-12-07,55,7086,1700,90,0,0,736305
252,2016-12-08,60,6174,1700,90,0,0,736306
253,2016-12-09,57,6120,1700,90,0,0,736307
254,2016-12-10,56,6942,1700,90,0,0,736308
255,2016-12-11,60,7098,1700,90,0,0,736309
256,2016-12-12,70,7506,1700,90,0,0,736310
257,2016-12-13,68,7116,1700,90,0,0,736311
258,2016-12-14,71,5934,1700,90,0,0,736312
259,2016-12-15,70,5118,1700,90,0,0,736313
260,2016-12-16,62,5802,1700,90,0,0,736314
261,2016-12-17,57,6642,1700,90,0,0,736315
262,2016-12-18,62,4692,1700,90,0,0,736316
263,2016-12-19,61,6798,1700,90,0,0,736317
264,2016-12-20,51,6480,1700,90,0,0,736318
265,2016-12-21,49,5244,1700,90,0,0,736319
266,2016-12-22,49,6000,1700,90,0,0,736320
267,2016-12-23,48,5496,1700,90,0,0,736321
268,2016-12-24,44,5172,1700,90,0,0,736322
269,2016-12-25,50,6030,1700,90,0,0,736323
270,2016-12-26,61,6714,1700,90,0,0,736324
271,2016-12-27,80,6828,1700,90,0,0,736325
272,2016-12-28,91,6096,1700,90,0,0,736326
273,2016-12-29,96,7326,1700,90,0,0,736327
274,2016-12-30,92,5478,1700,90,0,0,736328
275,2016-12-31,66,5754,1700,90,0,0,736329
276,2017-01-01,60,6336,1800,90,0,0,736330
277,2017-01-02,70,8550,1800,90,0,0,736331
278,2017-01-03,74,8238,1800,90,0,0,736332
279,2017-01-04,76,7902,1800,90,0,0,736333
280,2017-01-05,76,8268,1800,90,0,0,736334
281,2017-01-06,71,6054,1800,90,0,0,736335
282,2017-01-07,81,7152,1800,90,0,0,736336
283,2017-01-08,88,6318,1800,90,0,0,736337
284,2017-01-09,89,5418,1800,90,0,0,736338
285,2017-01-10,80,5376,1800,90,0,0,736339
286,2017-01-11,73,5976,1800,90,0,0,736340
287,2017-01-12,55,6414,1800,90,0,0,736341
288,2017-01-13,47,5496,1800,90,0,0,736342
289,2017-01-14,49,4668,1800,90,0,0,736343
290,2017-01-15,53,4074,1800,90,0,0,736344
291,2017-01-16,58,6300,1800,90,0,0,736345
292,2017-01-17,52,6948,1800,90,0,0,736346
293,2017-01-18,50,4920,1800,90,0,0,736347
294,2017-01-19,55,4938,1800,90,0,0,736348
295,2017-01-20,62,6870,1800,90,0,0,736349
296,2017-01-21,58,5592,1800,90,0,0,736350
297,2017-01-22,60,6618,1800,90,0,0,736351
298,2017-01-23,65,7248,1800,90,0,0,736352
299,2017-01-24,63,5400,1800,90,0,0,736353
300,2017-01-25,57,4860,1800,90,0,0,736354
301,2017-01-26,66,5196,1800,90,0,0,736355
302,2017-01-27,73,6330,1800,90,0,0,736356
303,2017-01-28,62,5442,1800,90,0,0,736357
304,2017-01-29,64,5742,1800,90,0,0,736358
305,2017-01-30,67,7212,1800,90,0,0,736359
306,2017-01-31,56,5904,1800,90,0,0,736360
307,2017-02-01,48,6786,1800,90,0,0,736361
308,2017-02-02,50,8844,1800,90,19,0,736362
309,2017-02-03,54,7494,1800,90,0,0,736363
310,2017-02-04,44,6666,1800,90,0,0,736364
311,2017-02-05,48,5898,1800,90,0,0,736365
312,2017-02-06,58,8844,1800,90,27,0,736366
313,2017-02-07,60,6798,1800,90,0,0,736367
314,2017-02-08,65,8664,1800,90,0,0,736368
315,2017-02-09,60,6204,1800,90,0,0,736369
316,2017-02-10,66,7032,1800,90,0,0,736370
317,2017-02-11,62,7638,1800,90,0,0,736371
318,2017-02-12,58,7398,1800,90,0,0,736372
319,2017-02-13,62,5724,1800,90,0,0,736373
320,2017-02-14,56,6816,1800,90,0,0,736374
321,2017-02-15,60,5868,1800,90,0,0,736375
322,2017-02-16,67,7812,1800,90,0,0,736376
323,2017-02-17,63,7272,1800,90,0,0,736377
324,2017-02-18,52,7464,1800,90,0,0,736378
325,2017-02-19,54,5268,1800,90,0,0,736379
326,2017-02-20,57,5814,1800,90,0,0,736380
327,2017-02-21,58,5820,1800,90,0,0,736381
328,2017-02-22,60,7056,1800,90,0,0,736382
329,2017-02-23,58,8088,1800,90,0,0,736383
330,2017-02-24,64,6696,1800,90,0,0,736384
331,2017-02-25,57,5388,1800,90,0,0,736385
332,2017-02-26,57,5994,1800,90,0,0,736386
333,2017-02-27,58,6822,1800,90,0,0,736387
334,2017-02-28,55,7338,1800,90,0,0,736388
335,2017-03-01,53,10074,1800,90,268,178,736389
336,2017-03-02,54,9246,1800,90,104,14,736390
337,2017-03-03,50,8616,1800,90,0,0,736391
338,2017-03-04,47,6636,1800,90,0,0,736392
339,2017-03-05,58,6288,1800,90,0,0,736393
340,2017-03-06,61,8670,1800,90,0,0,736394
341,2017-03-07,56,6948,1800,90,0,0,736395
342,2017-03-08,52,8700,1800,90,0,0,736396
343,2017-03-09,55,9030,1800,90,61,0,736397
344,2017-03-10,61,8166,1800,90,0,0,736398
345,2017-03-11,57,7548,1800,90,0,0,736399
346,2017-03-12,61,6564,1800,90,0,0,736400
347,2017-03-13,66,6174,1800,90,0,0,736401
348,2017-03-14,57,7188,1800,90,0,0,736402
349,2017-03-15,60,7686,1800,90,0,0,736403
350,2017-03-16,61,6942,1800,90,0,0,736404
351,2017-03-17,60,5724,1800,90,0,0,736405
352,2017-03-18,54,7620,1800,90,0,0,736406
353,2017-03-19,58,6066,1800,90,0,0,736407
354,2017-03-20,59,6486,1800,90,0,0,736408
355,2017-03-21,58,8352,1800,90,0,0,736409
356,2017-03-22,57,8412,1800,90,0,0,736410
357,2017-03-23,56,7170,1800,90,0,0,736411
358,2017-03-24,53,6918,1800,90,0,0,736412
359,2017-03-25,48,6636,1800,90,0,0,736413
360,2017-03-26,48,6756,1800,90,0,0,736414
361,2017-03-27,56,8856,1800,90,28,0,736415
362,2017-03-28,56,8688,1800,90,0,0,736416
363,2017-03-29,59,8112,1800,90,0,0,736417
364,2017-03-30,58,7728,1800,90,0,0,736418
365,2017-03-31,58,8394,1800,90,0,0,736419
366,2017-04-01,45,9774,1800,90,200,110,736420
367,2017-04-02,45,6630,1800,90,0,0,736421
368,2017-04-03,49,10170,1800,90,283,193,736422
369,2017-04-04,52,9324,1800,90,117,27,736423
370,2017-04-05,48,7770,1800,90,0,0,736424
371,2017-04-06,43,7284,1800,90,0,0,736425
372,2017-04-07,38,8970,1800,90,32,0,736426
373,2017-04-08,44,8844,1800,90,13,0,736427
374,2017-04-09,41,6084,1800,90,0,0,736428
375,2017-04-10,45,9300,1800,90,105,15,736429
376,2017-04-11,46,7962,1800,90,0,0,736430
377,2017-04-12,46,8466,1800,90,0,0,736431
378,2017-04-13,55,6360,1800,90,0,0,736432
379,2017-04-14,53,8220,1800,90,0,0,736433
380,2017-04-15,53,6876,1800,90,0,0,736434
381,2017-04-16,54,7086,1800,90,0,0,736435
382,2017-04-17,59,9048,1800,90,69,0,736436
383,2017-04-18,60,7932,1800,90,0,0,736437
384,2017-04-19,67,8574,1800,90,0,0,736438
385,2017-04-20,72,8016,1800,90,0,0,736439
386,2017-04-21,69,8400,1800,90,0,0,736440
387,2017-04-22,61,8478,1800,90,0,0,736441
388,2017-04-23,71,7194,1800,90,0,0,736442
389,2017-04-24,68,8184,1800,90,0,0,736443
390,2017-04-25,69,8352,1800,90,0,0,736444
391,2017-04-26,61,8874,1800,90,36,0,736445
392,2017-04-27,61,7368,1800,90,0,0,736446
393,2017-04-28,63,7230,1800,90,0,0,736447
394,2017-04-29,59,6468,1800,90,0,0,736448
395,2017-04-30,62,6984,1800,90,0,0,736449
396,2017-05-01,64,10218,1800,90,308,218,736450
397,2017-05-02,69,8376,1800,90,0,0,736451
398,2017-05-03,65,10050,1800,90,275,185,736452
399,2017-05-04,64,9582,1800,90,181,91,736453
400,2017-05-05,63,7140,1800,90,0,0,736454
401,2017-05-06,54,9270,1800,90,108,18,736455
402,2017-05-07,61,6966,1800,90,0,0,736456
403,2017-05-08,59,8616,1800,90,0,0,736457
404,2017-05-09,54,9444,1800,90,143,53,736458
405,2017-05-10,55,9066,1800,90,69,0,736459
406,2017-05-11,55,8862,1800,90,28,0,736460
407,2017-05-12,55,9420,1800,90,139,49,736461
408,2017-05-13,54,7914,1800,90,0,0,736462
409,2017-05-14,65,8592,1800,90,0,0,736463
410,2017-05-15,77,8256,1800,90,0,0,736464
411,2017-05-16,70,8178,1800,90,0,0,736465
412,2017-05-17,70,6876,1800,90,0,0,736466
413,2017-05-18,62,7242,1800,90,0,0,736467
414,2017-05-19,55,7746,1800,90,0,0,736468
415,2017-05-20,45,6534,1800,90,0,0,736469
416,2017-05-21,48,6066,1800,90,0,0,736470
417,2017-05-22,61,8766,1800,90,15,0,736471
418,2017-05-23,54,9606,1800,90,176,86,736472
419,2017-05-24,51,8142,1800,90,0,0,736473
420,2017-05-25,52,6750,1800,90,0,0,736474
421,2017-05-26,58,7062,1800,90,0,0,736475
422,2017-05-27,51,7290,1800,90,0,0,736476
423,2017-05-28,58,8538,1800,90,0,0,736477
424,2017-05-29,57,8112,1800,90,0,0,736478
425,2017-05-30,55,7098,1800,90,0,0,736479
426,2017-05-31,52,9294,1800,90,111,21,736480
427,2017-06-01,54,10830,1800,90,420,330,736481
428,2017-06-02,57,9840,1800,90,225,135,736482
429,2017-06-03,56,7296,1800,90,0,0,736483
430,2017-06-04,48,8136,1800,90,0,0,736484
431,2017-06-05,56,9876,1800,90,232,142,736485
432,2017-06-06,61,8268,1800,90,0,0,736486
433,2017-06-07,58,9630,1800,90,184,94,736487
434,2017-06-08,54,9186,1800,90,92,2,736488
435,2017-06-09,56,6924,1800,90,0,0,736489
436,2017-06-10,54,9312,1800,90,117,27,736490
437,2017-06-11,54,7812,1800,90,0,0,736491
438,2017-06-12,56,9174,1800,90,91,1,736492
439,2017-06-13,56,9852,1800,90,227,137,736493
440,2017-06-14,55,8376,1800,90,0,0,736494
441,2017-06-15,45,7452,1800,90,0,0,736495
442,2017-06-16,50,7728,1800,90,0,0,736496
443,2017-06-17,52,7596,1800,90,0,0,736497
444,2017-06-18,64,6540,1800,90,0,0,736498
445,2017-06-19,63,8370,1800,90,0,0,736499
446,2017-06-20,59,8490,1800,90,0,0,736500
447,2017-06-21,60,8892,1800,90,39,0,736501
448,2017-06-22,53,8598,1800,90,0,0,736502
449,2017-06-23,55,6942,1800,90,0,0,736503
450,2017-06-24,57,7662,1800,90,0,0,736504
451,2017-06-25,63,6054,1800,90,0,0,736505
452,2017-06-26,64,7620,1800,90,0,0,736506
453,2017-06-27,53,7764,1800,90,0,0,736507
454,2017-06-28,54,8040,1800,90,0,0,736508
455,2017-06-29,57,8160,1800,90,0,0,736509
456,2017-06-30,59,9060,1800,90,71,0,736510
457,2017-07-01,51,8352,1800,90,0,0,736511
458,2017-07-02,50,7860,1800,90,0,0,736512
459,2017-07-03,60,8802,1800,90,21,0,736513
460,2017-07-04,48,9228,1800,90,94,4,736514
461,2017-07-05,49,10398,1800,90,329,239,736515
462,2017-07-06,46,7578,1800,90,0,0,736516
463,2017-07-07,44,7314,1800,90,0,0,736517
464,2017-07-08,43,7398,1800,90,0,0,736518
465,2017-07-09,46,7878,1800,90,0,0,736519
466,2017-07-10,49,7200,1800,90,0,0,736520
467,2017-07-11,47,7872,1800,90,0,0,736521
468,2017-07-12,49,7524,1800,90,0,0,736522
469,2017-07-13,53,6960,1800,90,0,0,736523
470,2017-07-14,59,9354,1800,90,130,40,736524
471,2017-07-15,62,8808,1800,90,24,0,736525
472,2017-07-16,71,8982,1800,90,68,0,736526
473,2017-07-17,69,9336,1800,90,137,47,736527
474,2017-07-18,66,9624,1800,90,191,101,736528
475,2017-07-19,59,9534,1800,90,166,76,736529
476,2017-07-20,56,7152,1800,90,0,0,736530
477,2017-07-21,54,8052,1800,90,0,0,736531
478,2017-07-22,51,8190,1800,90,0,0,736532
479,2017-07-23,55,7686,1800,90,0,0,736533
480,2017-07-24,62,7530,1800,90,0,0,736534
481,2017-07-25,59,8400,1800,90,0,0,736535
482,2017-07-26,61,7956,1800,90,0,0,736536
483,2017-07-27,55,8400,1800,90,0,0,736537
484,2017-07-28,56,7104,1800,90,0,0,736538
485,2017-07-29,52,8724,1800,90,0,0,736539
486,2017-07-30,52,6324,1800,90,0,0,736540
487,2017-07-31,73,7818,1800,90,0,0,736541
488,2017-08-01,63,10476,1800,90,359,269,736542
489,2017-08-02,63,10068,1800,90,277,187,736543
490,2017-08-03,68,9372,1800,90,143,53,736544
491,2017-08-04,66,7506,1800,90,0,0,736545
492,2017-08-05,64,9672,1800,90,199,109,736546
493,2017-08-06,70,6654,1800,90,0,0,736547
494,2017-08-07,68,9174,1800,90,103,13,736548
495,2017-08-08,63,9186,1800,90,101,11,736549
496,2017-08-09,57,8712,1800,90,0,0,736550
497,2017-08-10,57,8016,1800,90,0,0,736551
498,2017-08-11,66,9426,1800,90,152,62,736552
499,2017-08-12,62,7548,1800,90,0,0,736553
500,2017-08-13,66,6408,1800,90,0,0,736554
501,2017-08-14,65,9360,1800,90,137,47,736555
502,2017-08-15,69,8844,1800,90,38,0,736556
503,2017-08-16,66,9114,1800,90,89,0,736557
504,2017-08-17,59,9006,1800,90,61,0,736558
505,2017-08-18,61,8796,1800,90,21,0,736559
506,2017-08-19,52,8748,1800,90,2,0,736560
507,2017-08-20,61,8406,1800,90,0,0,736561
508,2017-08-21,66,8316,1800,90,0,0,736562
509,2017-08-22,76,8556,1800,90,0,0,736563
510,2017-08-23,74,7602,1800,90,0,0,736564
511,2017-08-24,72,9156,1800,90,104,14,736565
512,2017-08-25,75,7092,1800,90,0,0,736566
513,2017-08-26,72,8880,1800,90,48,0,736567
514,2017-08-27,68,7386,1800,90,0,0,736568
515,2017-08-28,73,7566,1800,90,0,0,736569
516,2017-08-29,66,9546,1800,90,176,86,736570
517,2017-08-30,62,6924,1800,90,0,0,736571
518,2017-08-31,69,7710,1800,90,0,0,736572
519,2017-09-01,78,9210,1800,90,120,30,736573
520,2017-09-02,67,8922,1800,90,52,0,736574
521,2017-09-03,66,9228,1800,90,112,22,736575
522,2017-09-04,75,8178,1800,90,0,0,736576
523,2017-09-05,76,8280,1800,90,0,0,736577
524,2017-09-06,83,8010,1800,90,0,0,736578
525,2017-09-07,93,7338,1800,90,0,0,736579
526,2017-09-08,89,6978,1800,90,0,0,736580
527,2017-09-09,89,7584,1800,90,0,0,736581
528,2017-09-10,88,8586,1800,90,6,0,736582
529,2017-09-11,90,8070,1800,90,0,0,736583
530,2017-09-12,78,8076,1800,90,0,0,736584
531,2017-09-13,88,9654,1800,90,219,129,736585
532,2017-09-14,82,6666,1800,90,0,0,736586
533,2017-09-15,88,8604,1800,90,9,0,736587
534,2017-09-16,74,8964,1800,90,67,0,736588
535,2017-09-17,79,6168,1800,90,0,0,736589
536,2017-09-18,78,8946,1800,90,68,0,736590
537,2017-09-19,86,7224,1800,90,0,0,736591
538,2017-09-20,92,8064,1800,90,0,0,736592
539,2017-09-21,101,8514,1800,90,4,0,736593
540,2017-09-22,106,7794,1800,90,0,0,736594
541,2017-09-23,93,8922,1800,90,78,0,736595
542,2017-09-24,94,6768,1800,90,0,0,736596
543,2017-09-25,93,7116,1800,90,0,0,736597
544,2017-09-26,80,8670,1800,90,14,0,736598
545,2017-09-27,76,7836,1800,90,0,0,736599
546,2017-09-28,73,6690,1800,90,0,0,736600
547,2017-09-29,83,8808,1800,90,45,0,736601
548,2017-09-30,77,8304,1800,90,0,0,736602
549,2017-10-01,81,9414,1800,90,164,74,736603
550,2017-10-02,82,8484,1800,90,0,0,736604
551,2017-10-03,88,8664,1800,90,21,0,736605
552,2017-10-04,96,8820,1800,90,60,0,736606
553,2017-10-05,86,9852,1800,90,257,167,736607
554,2017-10-06,89,8232,1800,90,0,0,736608
555,2017-10-07,81,6426,1800,90,0,0,736609
556,2017-10-08,91,7014,1800,90,0,0,736610
557,2017-10-09,95,9564,1800,90,208,118,736611
558,2017-10-10,91,8670,1800,90,25,0,736612
559,2017-10-11,88,7854,1800,90,0,0,736613
560,2017-10-12,92,7050,1800,90,0,0,736614
561,2017-10-13,88,6468,1800,90,0,0,736615
562,2017-10-14,75,6972,1800,90,0,0,736616
563,2017-10-15,88,7908,1800,90,0,0,736617
564,2017-10-16,96,9054,1800,90,107,17,736618
565,2017-10-17,94,7728,1800,90,0,0,736619
566,2017-10-18,93,7518,1800,90,0,0,736620
567,2017-10-19,93,8472,1800,90,0,0,736621
568,2017-10-20,97,7434,1800,90,0,0,736622
569,2017-10-21,96,6966,1800,90,0,0,736623
570,2017-10-22,95,7062,1800,90,0,0,736624
571,2017-10-23,89,7596,1800,90,0,0,736625
572,2017-10-24,81,8346,1800,90,0,0,736626
573,2017-10-25,78,7608,1800,90,0,0,736627
574,2017-10-26,77,7854,1800,90,0,0,736628
575,2017-10-27,73,8502,1800,90,0,0,736629
576,2017-10-28,64,6462,1800,90,0,0,736630
577,2017-10-29,119,7764,1800,90,0,0,736631
578,2017-10-30,64,9258,1800,90,116,26,736632
579,2017-10-31,64,7200,1800,90,0,0,736633
580,2017-11-01,57,9930,1800,90,243,153,736634
581,2017-11-02,60,8766,1800,90,14,0,736635
582,2017-11-03,62,9468,1800,90,156,66,736636
583,2017-11-04,49,7650,1800,90,0,0,736637
584,2017-11-05,61,7086,1800,90,0,0,736638
585,2017-11-06,64,7494,1800,90,0,0,736639
586,2017-11-07,64,7638,1800,90,0,0,736640
587,2017-11-08,58,7128,1800,90,0,0,736641
588,2017-11-09,73,6360,1800,90,0,0,736642
589,2017-11-10,68,6930,1800,90,0,0,736643
590,2017-11-11,64,7170,1800,90,0,0,736644
591,2017-11-12,61,6360,1800,90,0,0,736645
592,2017-11-13,61,8610,1800,90,0,0,736646
593,2017-11-14,63,8322,1800,90,0,0,736647
594,2017-11-15,68,7206,1800,90,0,0,736648
595,2017-11-16,65,7182,1800,90,0,0,736649
596,2017-11-17,73,6870,1800,90,0,0,736650
597,2017-11-18,65,6294,1800,90,0,0,736651
598,2017-11-19,67,5724,1800,90,0,0,736652
599,2017-11-20,70,6126,1800,90,0,0,736653
600,2017-11-21,70,7740,1800,90,0,0,736654
601,2017-11-22,62,7674,1800,90,0,0,736655
602,2017-11-23,59,6048,1800,90,0,0,736656
603,2017-11-24,60,6402,1800,90,0,0,736657
604,2017-11-25,52,6444,1800,90,0,0,736658
605,2017-11-26,62,5532,1800,90,0,0,736659
606,2017-11-27,72,6042,1800,90,0,0,736660
607,2017-11-28,70,7632,1800,90,0,0,736661
608,2017-11-29,67,6150,1800,90,0,0,736662
609,2017-11-30,67,7620,1800,90,0,0,736663
610,2017-12-01,69,8082,1800,90,0,0,736664
611,2017-12-02,62,6030,1800,90,0,0,736665
612,2017-12-03,66,6312,1800,90,0,0,736666
613,2017-12-04,76,7158,1800,90,0,0,736667
614,2017-12-05,71,8406,1800,90,0,0,736668
615,2017-12-06,66,7644,1800,90,0,0,736669
616,2017-12-07,69,6954,1800,90,0,0,736670
617,2017-12-08,59,6714,1800,90,0,0,736671
618,2017-12-09,57,7338,1800,90,0,0,736672
619,2017-12-10,66,6390,1800,90,0,0,736673
620,2017-12-11,68,6162,1800,90,0,0,736674
621,2017-12-12,67,7602,1800,90,0,0,736675
622,2017-12-13,69,6450,1800,90,0,0,736676
623,2017-12-14,79,6480,1800,90,0,0,736677
624,2017-12-15,83,5556,1800,90,0,0,736678
625,2017-12-16,74,7620,1800,90,0,0,736679
626,2017-12-17,75,5364,1800,90,0,0,736680
627,2017-12-18,83,6096,1800,90,0,0,736681
628,2017-12-19,82,5988,1800,90,0,0,736682
629,2017-12-20,78,6714,1800,90,0,0,736683
630,2017-12-21,83,7800,1800,90,0,0,736684
631,2017-12-22,81,7062,1800,90,0,0,736685
632,2017-12-23,65,7152,1800,90,0,0,736686
633,2017-12-24,57,4854,1800,90,0,0,736687
634,2017-12-25,60,7692,1800,90,0,0,736688
635,2017-12-26,62,5814,1800,90,0,0,736689
636,2017-12-27,76,6558,1800,90,0,0,736690
637,2017-12-28,81,6978,1800,90,0,0,736691
638,2017-12-29,75,7494,1800,90,0,0,736692
639,2017-12-30,71,6432,1800,90,0,0,736693
640,2017-12-31,71,4908,1800,90,0,0,736694
641,2018-01-01,64,9006,1900,90,0,0,736695
642,2018-01-02,75,7224,1900,90,0,0,736696
643,2018-01-03,74,6480,1900,90,0,0,736697
644,2018-01-04,80,6756,1900,90,0,0,736698
645,2018-01-05,80,8436,1900,90,0,0,736699
646,2018-01-06,76,7506,1900,90,0,0,736700
647,2018-01-07,81,7476,1900,90,0,0,736701
648,2018-01-08,90,8412,1900,90,0,0,736702
649,2018-01-09,83,8202,1900,90,0,0,736703
650,2018-01-10,82,8460,1900,90,0,0,736704
651,2018-01-11,80,6834,1900,90,0,0,736705
652,2018-01-12,82,7374,1900,90,0,0,736706
653,2018-01-13,73,6642,1900,90,0,0,736707
654,2018-01-14,84,6756,1900,90,0,0,736708
655,2018-01-15,90,6804,1900,90,0,0,736709
656,2018-01-16,90,8040,1900,90,0,0,736710
657,2018-01-17,83,5742,1900,90,0,0,736711
658,2018-01-18,86,8034,1900,90,0,0,736712
659,2018-01-19,93,8088,1900,90,0,0,736713
660,2018-01-20,78,5808,1900,90,0,0,736714
661,2018-01-21,85,6864,1900,90,0,0,736715
662,2018-01-22,75,5514,1900,90,0,0,736716
663,2018-01-23,66,5838,1900,90,0,0,736717
664,2018-01-24,69,6486,1900,90,0,0,736718
665,2018-01-25,68,5334,1900,90,0,0,736719
666,2018-01-26,65,6618,1900,90,0,0,736720
667,2018-01-27,65,6864,1900,90,0,0,736721
668,2018-01-28,73,6390,1900,90,0,0,736722
669,2018-01-29,80,7416,1900,90,0,0,736723
670,2018-01-30,81,5484,1900,90,0,0,736724
671,2018-01-31,84,6438,1900,90,0,0,736725
672,2018-02-01,70,8400,1900,90,0,0,736726
673,2018-02-02,77,7938,1900,90,0,0,736727
674,2018-02-03,63,8616,1900,90,0,0,736728
675,2018-02-04,71,7686,1900,90,0,0,736729
676,2018-02-05,70,7548,1900,90,0,0,736730
677,2018-02-06,69,7416,1900,90,0,0,736731
678,2018-02-07,69,6960,1900,90,0,0,736732
679,2018-02-08,73,7962,1900,90,0,0,736733
680,2018-02-09,66,8310,1900,90,0,0,736734
681,2018-02-10,56,8010,1900,90,0,0,736735
682,2018-02-11,66,6606,1900,90,0,0,736736
683,2018-02-12,75,6576,1900,90,0,0,736737
684,2018-02-13,58,7410,1900,90,0,0,736738
685,2018-02-14,64,7038,1900,90,0,0,736739
686,2018-02-15,60,7176,1900,90,0,0,736740
687,2018-02-16,75,5868,1900,90,0,0,736741
688,2018-02-17,64,7788,1900,90,0,0,736742
689,2018-02-18,65,7284,1900,90,0,0,736743
690,2018-02-19,67,8076,1900,90,0,0,736744
691,2018-02-20,67,6678,1900,90,0,0,736745
692,2018-02-21,75,8784,1900,90,0,0,736746
693,2018-02-22,68,5958,1900,90,0,0,736747
694,2018-02-23,71,8634,1900,90,0,0,736748
695,2018-02-24,71,5868,1900,90,0,0,736749
696,2018-02-25,79,5634,1900,90,0,0,736750
697,2018-02-26,79,6066,1900,90,0,0,736751
698,2018-02-27,80,8544,1900,90,0,0,736752
699,2018-02-28,85,8880,1900,90,0,0,736753
700,2018-03-01,78,10152,1900,90,209,119,736754
701,2018-03-02,80,8802,1900,90,0,0,736755
702,2018-03-03,72,7980,1900,90,0,0,736756
703,2018-03-04,74,7752,1900,90,0,0,736757
704,2018-03-05,78,9588,1900,90,96,6,736758
705,2018-03-06,69,8406,1900,90,0,0,736759
706,2018-03-07,76,9462,1900,90,69,0,736760
707,2018-03-08,80,7368,1900,90,0,0,736761
708,2018-03-09,87,7782,1900,90,0,0,736762
709,2018-03-10,76,8196,1900,90,0,0,736763
710,2018-03-11,68,7704,1900,90,0,0,736764
711,2018-03-12,68,9072,1900,90,0,0,736765
712,2018-03-13,68,9480,1900,90,64,0,736766
713,2018-03-14,78,7134,1900,90,0,0,736767
714,2018-03-15,84,9306,1900,90,46,0,736768
715,2018-03-16,82,7602,1900,90,0,0,736769
716,2018-03-17,72,7932,1900,90,0,0,736770
717,2018-03-18,74,7920,1900,90,0,0,736771
718,2018-03-19,76,8646,1900,90,0,0,736772
719,2018-03-20,88,6708,1900,90,0,0,736773
720,2018-03-21,94,8166,1900,90,0,0,736774
721,2018-03-22,88,7116,1900,90,0,0,736775
722,2018-03-23,100,7290,1900,90,0,0,736776
723,2018-03-24,84,6612,1900,90,0,0,736777
724,2018-03-25,83,7248,1900,90,0,0,736778
725,2018-03-26,74,7680,1900,90,0,0,736779
726,2018-03-27,70,7470,1900,90,0,0,736780
727,2018-03-28,69,6876,1900,90,0,0,736781
728,2018-03-29,81,8190,1900,90,0,0,736782
729,2018-03-30,89,8526,1900,90,0,0,736783
730,2018-03-31,72,8010,1900,90,0,0,736784
731,2018-04-01,64,9522,1900,90,69,0,736785
732,2018-04-02,58,9642,1900,90,87,0,736786
733,2018-04-03,65,9048,1900,90,0,0,736787
734,2018-04-04,62,10566,1900,90,276,186,736788
735,2018-04-05,65,7932,1900,90,0,0,736789
736,2018-04-06,67,9654,1900,90,98,8,736790
737,2018-04-07,68,8202,1900,90,0,0,736791
738,2018-04-08,70,8268,1900,90,0,0,736792
739,2018-04-09,74,9438,1900,90,62,0,736793
740,2018-04-10,66,8580,1900,90,0,0,736794
741,2018-04-11,70,7686,1900,90,0,0,736795
742,2018-04-12,73,10080,1900,90,189,99,736796
743,2018-04-13,72,8454,1900,90,0,0,736797
744,2018-04-14,64,8490,1900,90,0,0,736798
745,2018-04-15,65,7782,1900,90,0,0,736799
746,2018-04-16,60,8160,1900,90,0,0,736800
747,2018-04-17,56,10068,1900,90,170,80,736801
748,2018-04-18,64,8352,1900,90,0,0,736802
749,2018-04-19,64,7080,1900,90,0,0,736803
750,2018-04-20,61,9534,1900,90,68,0,736804
751,2018-04-21,57,9288,1900,90,15,0,736805
752,2018-04-22,58,8760,1900,90,0,0,736806
753,2018-04-23,57,8136,1900,90,0,0,736807
754,2018-04-24,52,8412,1900,90,0,0,736808
755,2018-04-25,55,9174,1900,90,0,0,736809
756,2018-04-26,58,9522,1900,90,63,0,736810
757,2018-04-27,55,8220,1900,90,0,0,736811
758,2018-04-28,54,8178,1900,90,0,0,736812
759,2018-04-29,55,8412,1900,90,0,0,736813
760,2018-04-30,60,9504,1900,90,61,0,736814
761,2018-05-01,65,9714,1900,90,108,18,736815
762,2018-05-02,74,8880,1900,90,0,0,736816
763,2018-05-03,78,8652,1900,90,0,0,736817
764,2018-05-04,76,9078,1900,90,0,0,736818
765,2018-05-05,71,9642,1900,90,100,10,736819
766,2018-05-06,72,9882,1900,90,149,59,736820
767,2018-05-07,70,10320,1900,90,234,144,736821
768,2018-05-08,55,9078,1900,90,0,0,736822
769,2018-05-09,53,8358,1900,90,0,0,736823
770,2018-05-10,53,8562,1900,90,0,0,736824
771,2018-05-11,55,8268,1900,90,0,0,736825
772,2018-05-12,49,9432,1900,90,36,0,736826
773,2018-05-13,56,8190,1900,90,0,0,736827
774,2018-05-14,63,8244,1900,90,0,0,736828
775,2018-05-15,63,7992,1900,90,0,0,736829
776,2018-05-16,60,9480,1900,90,56,0,736830
777,2018-05-17,66,7518,1900,90,0,0,736831
778,2018-05-18,68,9942,1900,90,157,67,736832
779,2018-05-19,73,6822,1900,90,0,0,736833
780,2018-05-20,78,8460,1900,90,0,0,736834
781,2018-05-21,78,9654,1900,90,109,19,736835
782,2018-05-22,83,8442,1900,90,0,0,736836
783,2018-05-23,80,7422,1900,90,0,0,736837
784,2018-05-24,90,8814,1900,90,0,0,736838
785,2018-05-25,102,7572,1900,90,0,0,736839
786,2018-05-26,89,8136,1900,90,0,0,736840
787,2018-05-27,88,7428,1900,90,0,0,736841
788,2018-05-28,80,8862,1900,90,0,0,736842
789,2018-05-29,70,8226,1900,90,0,0,736843
790,2018-05-30,68,8064,1900,90,0,0,736844
791,2018-05-31,67,7392,1900,90,0,0,736845
792,2018-06-01,66,10752,1900,90,317,227,736846
793,2018-06-02,60,8766,1900,90,0,0,736847
794,2018-06-03,71,9834,1900,90,138,48,736848
795,2018-06-04,80,11370,1900,90,454,364,736849
796,2018-06-05,71,10020,1900,90,175,85,736850
797,2018-06-06,77,9180,1900,90,13,0,736851
798,2018-06-07,77,8718,1900,90,0,0,736852
799,2018-06-08,78,8208,1900,90,0,0,736853
800,2018-06-09,79,9318,1900,90,43,0,736854
801,2018-06-10,90,7068,1900,90,0,0,736855
802,2018-06-11,78,9012,1900,90,0,0,736856
803,2018-06-12,72,10380,1900,90,248,158,736857
804,2018-06-13,80,10638,1900,90,308,218,736858
805,2018-06-14,78,8826,1900,90,0,0,736859
806,2018-06-15,85,8994,1900,90,0,0,736860
807,2018-06-16,82,8196,1900,90,0,0,736861
808,2018-06-17,89,7488,1900,90,0,0,736862
809,2018-06-18,86,8382,1900,90,0,0,736863
810,2018-06-19,85,10452,1900,90,276,186,736864
811,2018-06-20,90,9060,1900,90,2,0,736865
812,2018-06-21,90,7902,1900,90,0,0,736866
813,2018-06-22,91,7356,1900,90,0,0,736867
814,2018-06-23,86,9600,1900,90,106,16,736868
815,2018-06-24,86,8148,1900,90,0,0,736869
816,2018-06-25,100,10122,1900,90,225,135,736870
817,2018-06-26,85,9948,1900,90,175,85,736871
818,2018-06-27,86,8070,1900,90,0,0,736872
819,2018-06-28,82,9588,1900,90,100,10,736873
820,2018-06-29,89,9510,1900,90,91,1,736874
821,2018-06-30,90,7692,1900,90,0,0,736875
822,2018-07-01,81,9240,1900,90,29,0,736876
823,2018-07-02,80,10416,1900,90,264,174,736877
824,2018-07-03,70,8694,1900,90,0,0,736878
825,2018-07-04,60,8844,1900,90,0,0,736879
826,2018-07-05,63,8544,1900,90,0,0,736880
827,2018-07-06,71,9462,1900,90,64,0,736881
828,2018-07-07,72,9420,1900,90,56,0,736882
829,2018-07-08,78,8418,1900,90,0,0,736883
830,2018-07-09,83,9336,1900,90,51,0,736884
831,2018-07-10,78,9768,1900,90,132,42,736885
832,2018-07-11,84,9348,1900,90,54,0,736886
833,2018-07-12,80,10572,1900,90,295,205,736887
834,2018-07-13,66,9300,1900,90,26,0,736888
835,2018-07-14,66,10050,1900,90,176,86,736889
836,2018-07-15,73,8742,1900,90,0,0,736890
837,2018-07-16,70,9960,1900,90,162,72,736891
838,2018-07-17,62,9210,1900,90,4,0,736892
839,2018-07-18,65,9354,1900,90,36,0,736893
840,2018-07-19,75,9378,1900,90,51,0,736894
841,2018-07-20,72,7740,1900,90,0,0,736895
842,2018-07-21,65,8550,1900,90,0,0,736896
843,2018-07-22,62,6978,1900,90,0,0,736897
844,2018-07-23,69,8148,1900,90,0,0,736898
845,2018-07-24,69,9396,1900,90,49,0,736899
846,2018-07-25,69,8586,1900,90,0,0,736900
847,2018-07-26,78,8322,1900,90,0,0,736901
848,2018-07-27,82,7872,1900,90,0,0,736902
849,2018-07-28,77,7110,1900,90,0,0,736903
850,2018-07-29,91,8376,1900,90,0,0,736904
851,2018-07-30,92,8442,1900,90,0,0,736905
852,2018-07-31,87,8394,1900,90,0,0,736906
853,2018-08-01,75,9114,1900,90,0,0,736907
854,2018-08-02,79,9024,1900,90,0,0,736908
855,2018-08-03,77,9780,1900,90,133,43,736909
856,2018-08-04,64,8946,1900,90,0,0,736910
857,2018-08-05,61,9054,1900,90,0,0,736911
858,2018-08-06,68,8322,1900,90,0,0,736912
859,2018-08-07,69,9108,1900,90,0,0,736913
860,2018-08-08,74,8676,1900,90,0,0,736914
861,2018-08-09,75,7926,1900,90,0,0,736915
862,2018-08-10,74,8406,1900,90,0,0,736916
863,2018-08-11,59,7692,1900,90,0,0,736917
864,2018-08-12,63,8070,1900,90,0,0,736918
865,2018-08-13,64,8016,1900,90,0,0,736919
866,2018-08-14,58,10146,1900,90,188,98,736920
867,2018-08-15,53,8304,1900,90,0,0,736921
868,2018-08-16,56,9648,1900,90,86,0,736922
869,2018-08-17,62,7842,1900,90,0,0,736923
870,2018-08-18,66,7470,1900,90,0,0,736924
871,2018-08-19,75,9228,1900,90,21,0,736925
872,2018-08-20,79,8304,1900,90,0,0,736926
873,2018-08-21,71,9996,1900,90,171,81,736927
874,2018-08-22,79,9354,1900,90,50,0,736928
875,2018-08-23,83,9786,1900,90,141,51,736929
876,2018-08-24,89,9072,1900,90,4,0,736930
877,2018-08-25,82,9558,1900,90,94,4,736931
878,2018-08-26,95,8712,1900,90,0,0,736932
879,2018-08-27,90,9138,1900,90,18,0,736933
880,2018-08-28,92,8652,1900,90,0,0,736934
881,2018-08-29,80,8064,1900,90,0,0,736935
882,2018-08-30,77,8244,1900,90,0,0,736936
883,2018-08-31,87,9780,1900,90,143,53,736937
884,2018-09-01,84,10644,1900,90,313,223,736938
885,2018-09-02,83,10002,1900,90,184,94,736939
886,2018-09-03,85,10656,1900,90,317,227,736940
887,2018-09-04,80,9270,1900,90,34,0,736941
888,2018-09-05,82,10752,1900,90,333,243,736942
889,2018-09-06,88,9966,1900,90,182,92,736943
890,2018-09-07,91,9336,1900,90,59,0,736944
891,2018-09-08,85,8970,1900,90,0,0,736945
892,2018-09-09,94,8622,1900,90,0,0,736946
893,2018-09-10,102,7896,1900,90,0,0,736947
894,2018-09-11,90,9504,1900,90,91,1,736948
895,2018-09-12,91,9606,1900,90,113,23,736949
896,2018-09-13,97,8010,1900,90,0,0,736950
897,2018-09-14,100,7662,1900,90,0,0,736951
898,2018-09-15,97,7746,1900,90,0,0,736952
899,2018-09-16,93,9120,1900,90,17,0,736953
900,2018-09-17,90,7680,1900,90,0,0,736954
901,2018-09-18,89,8892,1900,90,0,0,736955
902,2018-09-19,107,8040,1900,90,0,0,736956
903,2018-09-20,116,8784,1900,90,0,0,736957
904,2018-09-21,116,9108,1900,90,38,0,736958
905,2018-09-22,102,9438,1900,90,90,0,736959
906,2018-09-23,104,6420,1900,90,0,0,736960
907,2018-09-24,104,8700,1900,90,0,0,736961
908,2018-09-25,106,9228,1900,90,52,0,736962
909,2018-09-26,104,8364,1900,90,0,0,736963
910,2018-09-27,106,7800,1900,90,0,0,736964
911,2018-09-28,114,7278,1900,90,0,0,736965
912,2018-09-29,100,7224,1900,90,0,0,736966
913,2018-09-30,102,7734,1900,90,0,0,736967
914,2018-10-01,100,9456,1900,90,92,2,736968
915,2018-10-02,89,9036,1900,90,0,0,736969
916,2018-10-03,94,8592,1900,90,0,0,736970
917,2018-10-04,93,10188,1900,90,231,141,736971
918,2018-10-05,92,8964,1900,90,0,0,736972
919,2018-10-06,77,7764,1900,90,0,0,736973
920,2018-10-07,85,7518,1900,90,0,0,736974
921,2018-10-08,93,9990,1900,90,191,101,736975
922,2018-10-09,97,9870,1900,90,171,81,736976
923,2018-10-10,97,7896,1900,90,0,0,736977
924,2018-10-11,103,7302,1900,90,0,0,736978
925,2018-10-12,106,7506,1900,90,0,0,736979
926,2018-10-13,93,9318,1900,90,57,0,736980
927,2018-10-14,99,8124,1900,90,0,0,736981
928,2018-10-15,102,7194,1900,90,0,0,736982
929,2018-10-16,97,9300,1900,90,57,0,736983
930,2018-10-17,97,9834,1900,90,164,74,736984
931,2018-10-18,100,8874,1900,90,0,0,736985
932,2018-10-19,109,6852,1900,90,0,0,736986
933,2018-10-20,98,6816,1900,90,0,0,736987
934,2018-10-21,103,8832,1900,90,0,0,736988
935,2018-10-22,102,7968,1900,90,0,0,736989
936,2018-10-23,98,9468,1900,90,92,2,736990
937,2018-10-24,90,7074,1900,90,0,0,736991
938,2018-10-25,78,7512,1900,90,0,0,736992
939,2018-10-26,81,7092,1900,90,0,0,736993
940,2018-10-27,79,8766,1900,90,0,0,736994
941,2018-10-28,87,7710,1900,90,0,0,736995
942,2018-10-29,93,7662,1900,90,0,0,736996
943,2018-10-30,82,7164,1900,90,0,0,736997
944,2018-10-31,85,8502,1900,90,0,0,736998
945,2018-11-01,77,9174,1900,90,12,0,736999
946,2018-11-02,75,10140,1900,90,203,113,737000
947,2018-11-03,70,7806,1900,90,0,0,737001
948,2018-11-04,72,9168,1900,90,6,0,737002
949,2018-11-05,75,7752,1900,90,0,0,737003
950,2018-11-06,62,9132,1900,90,0,0,737004
951,2018-11-07,57,7638,1900,90,0,0,737005
952,2018-11-08,58,7188,1900,90,0,0,737006
953,2018-11-09,66,7722,1900,90,0,0,737007
954,2018-11-10,60,9150,1900,90,0,0,737008
955,2018-11-11,67,8880,1900,90,0,0,737009
956,2018-11-12,75,7614,1900,90,0,0,737010
957,2018-11-13,63,8322,1900,90,0,0,737011
958,2018-11-14,61,7614,1900,90,0,0,737012
959,2018-11-15,66,7146,1900,90,0,0,737013
960,2018-11-16,78,6558,1900,90,0,0,737014
961,2018-11-17,71,6882,1900,90,0,0,737015
962,2018-11-18,74,8610,1900,90,0,0,737016
963,2018-11-19,88,9120,1900,90,12,0,737017
964,2018-11-20,79,7200,1900,90,0,0,737018
965,2018-11-21,72,8034,1900,90,0,0,737019
966,2018-11-22,72,9060,1900,90,0,0,737020
967,2018-11-23,73,6690,1900,90,0,0,737021
968,2018-11-24,63,7812,1900,90,0,0,737022
969,2018-11-25,74,7740,1900,90,0,0,737023
970,2018-11-26,72,8046,1900,90,0,0,737024
971,2018-11-27,81,6810,1900,90,0,0,737025
972,2018-11-28,78,8598,1900,90,0,0,737026
973,2018-11-29,78,7716,1900,90,0,0,737027
974,2018-11-30,91,7518,1900,90,0,0,737028
975,2018-12-01,72,9678,1900,90,108,18,737029
976,2018-12-02,79,7812,1900,90,0,0,737030
977,2018-12-03,88,9486,1900,90,86,0,737031
978,2018-12-04,90,7896,1900,90,0,0,737032
979,2018-12-05,85,8076,1900,90,0,0,737033
980,2018-12-06,81,8220,1900,90,0,0,737034
981,2018-12-07,84,8268,1900,90,0,0,737035
982,2018-12-08,73,8292,1900,90,0,0,737036
983,2018-12-09,74,6024,1900,90,0,0,737037
984,2018-12-10,87,8616,1900,90,0,0,737038
985,2018-12-11,88,6942,1900,90,0,0,737039
986,2018-12-12,95,6516,1900,90,0,0,737040
987,2018-12-13,101,8010,1900,90,0,0,737041
988,2018-12-14,85,6552,1900,90,0,0,737042
989,2018-12-15,72,6102,1900,90,0,0,737043
990,2018-12-16,83,5850,1900,90,0,0,737044
991,2018-12-17,94,8532,1900,90,0,0,737045
992,2018-12-18,94,8238,1900,90,0,0,737046
993,2018-12-19,100,8982,1900,90,0,0,737047
994,2018-12-20,95,7620,1900,90,0,0,737048
995,2018-12-21,106,5844,1900,90,0,0,737049
996,2018-12-22,85,5904,1900,90,0,0,737050
997,2018-12-23,76,6684,1900,90,0,0,737051
998,2018-12-24,59,7392,1900,90,0,0,737052
999,2018-12-25,58,7008,1900,90,0,0,737053
1000,2018-12-26,63,6744,1900,90,0,0,737054
1001,2018-12-27,74,8316,1900,90,0,0,737055
1002,2018-12-28,78,8652,1900,90,0,0,737056
1003,2018-12-29,76,6006,1900,90,0,0,737057
1004,2018-12-30,78,6120,1900,90,0,0,737058
1005,2018-12-31,75,6318,1900,90,0,0,737059
1006,2019-01-01,57,8382,2000,90,0,0,737060
1007,2019-01-02,82,9672,2000,90,17,0,737061
1008,2019-01-03,83,7404,2000,90,0,0,737062
1009,2019-01-04,83,9240,2000,90,0,0,737063
1010,2019-01-05,73,7746,2000,90,0,0,737064
1011,2019-01-06,75,7266,2000,90,0,0,737065
1012,2019-01-07,78,6798,2000,90,0,0,737066
1013,2019-01-08,79,8952,2000,90,0,0,737067
1014,2019-01-09,81,8934,2000,90,0,0,737068
1015,2019-01-10,74,8454,2000,90,0,0,737069
1016,2019-01-11,85,8544,2000,90,0,0,737070
1017,2019-01-12,71,7824,2000,90,0,0,737071
1018,2019-01-13,71,7002,2000,90,0,0,737072
1019,2019-01-14,75,8118,2000,90,0,0,737073
1020,2019-01-15,71,7152,2000,90,0,0,737074
1021,2019-01-16,72,9240,2000,90,0,0,737075
1022,2019-01-17,75,7332,2000,90,0,0,737076
1023,2019-01-18,71,7254,2000,90,0,0,737077
1024,2019-01-19,58,8166,2000,90,0,0,737078
1025,2019-01-20,70,7440,2000,90,0,0,737079
1026,2019-01-21,72,8430,2000,90,0,0,737080
1027,2019-01-22,72,8196,2000,90,0,0,737081
1028,2019-01-23,72,8850,2000,90,0,0,737082
1029,2019-01-24,73,6258,2000,90,0,0,737083
1030,2019-01-25,71,7284,2000,90,0,0,737084
1031,2019-01-26,69,5760,2000,90,0,0,737085
1032,2019-01-27,70,7512,2000,90,0,0,737086
1033,2019-01-28,80,8994,2000,90,0,0,737087
1034,2019-01-29,74,8532,2000,90,0,0,737088
1035,2019-01-30,76,6354,2000,90,0,0,737089
1036,2019-01-31,85,6276,2000,90,0,0,737090
1037,2019-02-01,75,8292,2000,90,0,0,737091
1038,2019-02-02,56,7512,2000,90,0,0,737092
1039,2019-02-03,51,9012,2000,90,0,0,737093
1040,2019-02-04,58,10710,2000,90,200,110,737094
1041,2019-02-05,49,9204,2000,90,0,0,737095
1042,2019-02-06,57,8994,2000,90,0,0,737096
1043,2019-02-07,61,9984,2000,90,58,0,737097
1044,2019-02-08,54,8226,2000,90,0,0,737098
1045,2019-02-09,49,6924,2000,90,0,0,737099
1046,2019-02-10,51,7566,2000,90,0,0,737100
1047,2019-02-11,55,7656,2000,90,0,0,737101
1048,2019-02-12,57,8508,2000,90,0,0,737102
1049,2019-02-13,62,7302,2000,90,0,0,737103
1050,2019-02-14,55,7086,2000,90,0,0,737104
1051,2019-02-15,64,7002,2000,90,0,0,737105
1052,2019-02-16,68,9036,2000,90,0,0,737106
1053,2019-02-17,80,6126,2000,90,0,0,737107
1054,2019-02-18,81,7764,2000,90,0,0,737108
1055,2019-02-19,81,7638,2000,90,0,0,737109
1056,2019-02-20,80,6972,2000,90,0,0,737110
1057,2019-02-21,82,9480,2000,90,0,0,737111
1058,2019-02-22,85,9318,2000,90,0,0,737112
1059,2019-02-23,69,9042,2000,90,0,0,737113
1060,2019-02-24,71,6384,2000,90,0,0,737114
1061,2019-02-25,72,9324,2000,90,0,0,737115
1062,2019-02-26,68,8568,2000,90,0,0,737116
1063,2019-02-27,67,9522,2000,90,0,0,737117
1064,2019-02-28,57,6762,2000,90,0,0,737118
1065,2019-03-01,60,10608,2000,90,182,92,737119
1066,2019-03-02,60,10620,2000,90,184,94,737120
1067,2019-03-03,65,10026,2000,90,71,0,737121
1068,2019-03-04,67,9906,2000,90,49,0,737122
1069,2019-03-05,62,9312,2000,90,0,0,737123
1070,2019-03-06,66,8112,2000,90,0,0,737124
1071,2019-03-07,59,9684,2000,90,0,0,737125
1072,2019-03-08,56,9018,2000,90,0,0,737126
1073,2019-03-09,51,8826,2000,90,0,0,737127
1074,2019-03-10,55,7254,2000,90,0,0,737128
1075,2019-03-11,58,8394,2000,90,0,0,737129
1076,2019-03-12,62,9348,2000,90,0,0,737130
1077,2019-03-13,70,10536,2000,90,178,88,737131
1078,2019-03-14,74,9120,2000,90,0,0,737132
1079,2019-03-15,66,7944,2000,90,0,0,737133
1080,2019-03-16,55,9906,2000,90,37,0,737134
1081,2019-03-17,66,8616,2000,90,0,0,737135
1082,2019-03-18,69,7608,2000,90,0,0,737136
1083,2019-03-19,74,9768,2000,90,28,0,737137
1084,2019-03-20,75,10080,2000,90,91,1,737138
1085,2019-03-21,77,9660,2000,90,9,0,737139
1086,2019-03-22,71,8742,2000,90,0,0,737140
1087,2019-03-23,68,7386,2000,90,0,0,737141
1088,2019-03-24,75,9294,2000,90,0,0,737142
1089,2019-03-25,83,8724,2000,90,0,0,737143
1090,2019-03-26,78,10008,2000,90,80,0,737144
1091,2019-03-27,85,7446,2000,90,0,0,737145
1092,2019-03-28,88,9996,2000,90,88,0,737146
1093,2019-03-29,91,8076,2000,90,0,0,737147
1094,2019-03-30,83,7356,2000,90,0,0,737148
1095,2019-03-31,90,7134,2000,90,0,0,737149
1096,2019-04-01,85,11850,2000,90,455,365,737150
1097,2019-04-02,81,10920,2000,90,265,175,737151
1098,2019-04-03,79,11328,2000,90,345,255,737152
1099,2019-04-04,75,10260,2000,90,127,37,737153
1100,2019-04-05,67,9444,2000,90,0,0,737154
1101,2019-04-06,57,9900,2000,90,37,0,737155
1102,2019-04-07,67,8034,2000,90,0,0,737156
1103,2019-04-08,80,9786,2000,90,38,0,737157
1104,2019-04-09,70,10050,2000,90,80,0,737158
1105,2019-04-10,68,10638,2000,90,196,106,737159
1106,2019-04-11,68,9036,2000,90,0,0,737160
1107,2019-04-12,71,8256,2000,90,0,0,737161
1108,2019-04-13,65,9264,2000,90,0,0,737162
1109,2019-04-14,70,7188,2000,90,0,0,737163
1110,2019-04-15,71,10746,2000,90,221,131,737164
1111,2019-04-16,71,8286,2000,90,0,0,737165
1112,2019-04-17,73,9072,2000,90,0,0,737166
1113,2019-04-18,81,9522,2000,90,0,0,737167
1114,2019-04-19,81,9312,2000,90,0,0,737168
1115,2019-04-20,77,10008,2000,90,79,0,737169
1116,2019-04-21,78,9588,2000,90,0,0,737170
1117,2019-04-22,81,8058,2000,90,0,0,737171
1118,2019-04-23,89,10218,2000,90,133,43,737172
1119,2019-04-24,91,10692,2000,90,230,140,737173
1120,2019-04-25,82,8862,2000,90,0,0,737174
1121,2019-04-26,80,8532,2000,90,0,0,737175
1122,2019-04-27,79,8670,2000,90,0,0,737176
1123,2019-04-28,80,7314,2000,90,0,0,737177
1124,2019-04-29,80,9192,2000,90,0,0,737178
1125,2019-04-30,76,10296,2000,90,136,46,737179
1126,2019-05-01,69,10494,2000,90,168,78,737180
1127,2019-05-02,70,9606,2000,90,0,0,737181
1128,2019-05-03,74,11742,2000,90,423,333,737182
1129,2019-05-04,66,11334,2000,90,333,243,737183
1130,2019-05-05,75,10044,2000,90,84,0,737184
1131,2019-05-06,67,10464,2000,90,160,70,737185
1132,2019-05-07,78,10944,2000,90,267,177,737186
1133,2019-05-08,80,10368,2000,90,154,64,737187
1134,2019-05-09,76,9648,2000,90,6,0,737188
1135,2019-05-10,80,10638,2000,90,208,118,737189
1136,2019-05-11,69,8454,2000,90,0,0,737190
1137,2019-05-12,78,8040,2000,90,0,0,737191
1138,2019-05-13,82,10698,2000,90,222,132,737192
1139,2019-05-14,81,9480,2000,90,0,0,737193
1140,2019-05-15,81,9528,2000,90,0,0,737194
1141,2019-05-16,81,10866,2000,90,255,165,737195
1142,2019-05-17,88,8790,2000,90,0,0,737196
1143,2019-05-18,72,10524,2000,90,177,87,737197
1144,2019-05-19,78,8316,2000,90,0,0,737198
1145,2019-05-20,84,9102,2000,90,0,0,737199
1146,2019-05-21,66,8664,2000,90,0,0,737200
1147,2019-05-22,76,9480,2000,90,0,0,737201
1148,2019-05-23,86,8544,2000,90,0,0,737202
1149,2019-05-24,81,8814,2000,90,0,0,737203
1150,2019-05-25,76,9846,2000,90,46,0,737204
1151,2019-05-26,83,9882,2000,90,60,0,737205
1152,2019-05-27,77,8790,2000,90,0,0,737206
